{
  "firstLayout": "",
  "gdVersion": {
    "build": 98,
    "major": 4,
    "minor": 0,
    "revision": 0
  },
  "properties": {
    "adaptGameResolutionAtRuntime": true,
    "folderProject": false,
    "linuxExecutableFilename": "",
    "macExecutableFilename": "",
    "orientation": "landscape",
    "packageName": "com.example.gamename",
    "projectFile": "C:\\Users\\andri\\OneDrive\\Desktop\\gdevelopbuttons\\live\\buttons-demo.json",
    "scaleMode": "linear",
    "sizeOnStartupMode": "adaptWidth",
    "useExternalSourceFiles": false,
    "version": "1.0.0",
    "winExecutableFilename": "",
    "winExecutableIconFile": "",
    "name": "Project",
    "author": "",
    "windowWidth": 800,
    "windowHeight": 600,
    "latestCompilationDirectory": "",
    "maxFPS": 60,
    "minFPS": 20,
    "verticalSync": false,
    "platformSpecificAssets": {},
    "loadingScreen": {
      "showGDevelopSplash": true
    },
    "extensionProperties": [],
    "extensions": [
      {
        "name": "BuiltinObject"
      },
      {
        "name": "BuiltinAudio"
      },
      {
        "name": "BuiltinVariables"
      },
      {
        "name": "BuiltinTime"
      },
      {
        "name": "BuiltinMouse"
      },
      {
        "name": "BuiltinKeyboard"
      },
      {
        "name": "BuiltinJoystick"
      },
      {
        "name": "BuiltinCamera"
      },
      {
        "name": "BuiltinWindow"
      },
      {
        "name": "BuiltinFile"
      },
      {
        "name": "BuiltinNetwork"
      },
      {
        "name": "BuiltinScene"
      },
      {
        "name": "BuiltinAdvanced"
      },
      {
        "name": "Sprite"
      },
      {
        "name": "BuiltinCommonInstructions"
      },
      {
        "name": "BuiltinCommonConversions"
      },
      {
        "name": "BuiltinStringInstructions"
      },
      {
        "name": "BuiltinMathematicalTools"
      },
      {
        "name": "BuiltinExternalLayouts"
      }
    ],
    "platforms": [
      {
        "name": "GDevelop JS platform"
      }
    ],
    "currentPlatform": "GDevelop JS platform"
  },
  "resources": {
    "resources": [
      {
        "alwaysLoaded": false,
        "file": "button.png",
        "kind": "image",
        "metadata": "",
        "name": "button.png",
        "smoothed": true,
        "userAdded": true
      },
      {
        "alwaysLoaded": false,
        "file": "button1.png",
        "kind": "image",
        "metadata": "",
        "name": "button1.png",
        "smoothed": true,
        "userAdded": true
      },
      {
        "alwaysLoaded": false,
        "file": "button2.png",
        "kind": "image",
        "metadata": "",
        "name": "button2.png",
        "smoothed": true,
        "userAdded": true
      },
      {
        "alwaysLoaded": false,
        "file": "button3.png",
        "kind": "image",
        "metadata": "",
        "name": "button3.png",
        "smoothed": true,
        "userAdded": true
      },
      {
        "file": "Adumu.ttf",
        "kind": "font",
        "metadata": "",
        "name": "Adumu.ttf",
        "userAdded": true
      }
    ],
    "resourceFolders": []
  },
  "objects": [],
  "objectsGroups": [],
  "variables": [],
  "layouts": [
    {
      "b": 97,
      "disableInputWhenNotFocused": true,
      "mangledName": "New_32scene",
      "name": "New scene",
      "oglFOV": 90,
      "oglZFar": 500,
      "oglZNear": 1,
      "r": 74,
      "standardSortMethod": true,
      "stopSoundsOnStartup": true,
      "title": "",
      "v": 80,
      "uiSettings": {
        "grid": false,
        "gridB": 255,
        "gridG": 180,
        "gridHeight": 32,
        "gridOffsetX": 0,
        "gridOffsetY": 0,
        "gridR": 158,
        "gridWidth": 32,
        "snap": true,
        "windowMask": false,
        "zoomFactor": 1
      },
      "objectsGroups": [],
      "variables": [],
      "instances": [
        {
          "angle": 0,
          "customSize": false,
          "height": 0,
          "layer": "",
          "locked": false,
          "name": "button1",
          "persistentUuid": "f5d2afa8-67c5-4d2b-a52c-04092b73a97f",
          "width": 0,
          "x": 406,
          "y": 167,
          "zOrder": 1,
          "numberProperties": [],
          "stringProperties": [],
          "initialVariables": []
        },
        {
          "angle": 0,
          "customSize": false,
          "height": 0,
          "layer": "",
          "locked": false,
          "name": "button2",
          "persistentUuid": "10fd5e48-3d21-4245-a0f8-d0a82d012cf7",
          "width": 0,
          "x": 407,
          "y": 275,
          "zOrder": 2,
          "numberProperties": [],
          "stringProperties": [],
          "initialVariables": []
        },
        {
          "angle": 0,
          "customSize": false,
          "height": 0,
          "layer": "",
          "locked": false,
          "name": "button3",
          "persistentUuid": "a86bb270-6f81-497d-8b1e-344dafb1baf2",
          "width": 0,
          "x": 408,
          "y": 382,
          "zOrder": 3,
          "numberProperties": [],
          "stringProperties": [],
          "initialVariables": []
        },
        {
          "angle": 0,
          "customSize": false,
          "height": 0,
          "layer": "",
          "locked": false,
          "name": "Status",
          "persistentUuid": "82e4e797-5f6e-4244-825d-696ef6fee9f7",
          "width": 0,
          "x": 30,
          "y": 26,
          "zOrder": 4,
          "numberProperties": [],
          "stringProperties": [],
          "initialVariables": []
        }
      ],
      "objects": [
        {
          "name": "button1",
          "tags": "",
          "type": "Sprite",
          "updateIfNotVisible": false,
          "variables": [],
          "behaviors": [
            {
              "name": "Tween",
              "type": "Tween::TweenBehavior"
            }
          ],
          "animations": [
            {
              "name": "",
              "useMultipleDirections": false,
              "directions": [
                {
                  "looping": false,
                  "timeBetweenFrames": 0.08,
                  "sprites": [
                    {
                      "hasCustomCollisionMask": false,
                      "image": "button1.png",
                      "points": [],
                      "originPoint": {
                        "name": "origine",
                        "x": 160,
                        "y": 49
                      },
                      "centerPoint": {
                        "automatic": true,
                        "name": "centre",
                        "x": 0,
                        "y": 0
                      },
                      "customCollisionMask": []
                    }
                  ]
                }
              ]
            }
          ]
        },
        {
          "name": "button2",
          "tags": "",
          "type": "Sprite",
          "updateIfNotVisible": false,
          "variables": [],
          "behaviors": [
            {
              "name": "Tween",
              "type": "Tween::TweenBehavior"
            }
          ],
          "animations": [
            {
              "name": "",
              "useMultipleDirections": false,
              "directions": [
                {
                  "looping": false,
                  "timeBetweenFrames": 0.08,
                  "sprites": [
                    {
                      "hasCustomCollisionMask": false,
                      "image": "button2.png",
                      "points": [],
                      "originPoint": {
                        "name": "origine",
                        "x": 160,
                        "y": 49
                      },
                      "centerPoint": {
                        "automatic": true,
                        "name": "centre",
                        "x": 0,
                        "y": 0
                      },
                      "customCollisionMask": []
                    }
                  ]
                }
              ]
            }
          ]
        },
        {
          "name": "button3",
          "tags": "",
          "type": "Sprite",
          "updateIfNotVisible": false,
          "variables": [],
          "behaviors": [
            {
              "name": "Tween",
              "type": "Tween::TweenBehavior"
            }
          ],
          "animations": [
            {
              "name": "",
              "useMultipleDirections": false,
              "directions": [
                {
                  "looping": false,
                  "timeBetweenFrames": 0.08,
                  "sprites": [
                    {
                      "hasCustomCollisionMask": false,
                      "image": "button3.png",
                      "points": [],
                      "originPoint": {
                        "name": "origine",
                        "x": 160,
                        "y": 49
                      },
                      "centerPoint": {
                        "automatic": true,
                        "name": "centre",
                        "x": 0,
                        "y": 0
                      },
                      "customCollisionMask": []
                    }
                  ]
                }
              ]
            }
          ]
        },
        {
          "bold": false,
          "italic": false,
          "name": "Status",
          "smoothed": true,
          "tags": "",
          "type": "TextObject::Text",
          "underlined": false,
          "variables": [],
          "behaviors": [],
          "string": "Status",
          "font": "Adumu.ttf",
          "characterSize": 30,
          "color": {
            "b": 255,
            "g": 255,
            "r": 255
          }
        }
      ],
      "events": [
        {
          "disabled": false,
          "folded": false,
          "type": "BuiltinCommonInstructions::Standard",
          "conditions": [],
          "actions": [
            {
              "type": {
                "inverted": false,
                "value": "MettreX"
              },
              "parameters": [
                "button1",
                "=",
                "SceneWindowWidth()/2"
              ],
              "subInstructions": []
            },
            {
              "type": {
                "inverted": false,
                "value": "MettreX"
              },
              "parameters": [
                "button2",
                "=",
                "SceneWindowWidth()/2"
              ],
              "subInstructions": []
            },
            {
              "type": {
                "inverted": false,
                "value": "MettreX"
              },
              "parameters": [
                "button3",
                "=",
                "SceneWindowWidth()/2"
              ],
              "subInstructions": []
            }
          ],
          "events": []
        },
        {
          "disabled": false,
          "folded": false,
          "type": "BuiltinCommonInstructions::Standard",
          "conditions": [
            {
              "type": {
                "inverted": false,
                "value": "SourisSurObjet"
              },
              "parameters": [
                "button1",
                "",
                "",
                ""
              ],
              "subInstructions": []
            }
          ],
          "actions": [],
          "events": [
            {
              "disabled": false,
              "folded": false,
              "type": "BuiltinCommonInstructions::Standard",
              "conditions": [
                {
                  "type": {
                    "inverted": false,
                    "value": "BuiltinCommonInstructions::Once"
                  },
                  "parameters": [],
                  "subInstructions": []
                }
              ],
              "actions": [
                {
                  "type": {
                    "inverted": false,
                    "value": "Tween::AddObjectScaleTween"
                  },
                  "parameters": [
                    "button1",
                    "Tween",
                    "\"Hover\"",
                    "1.1",
                    "1.1",
                    "\"bouncePast\"",
                    "100",
                    ""
                  ],
                  "subInstructions": []
                }
              ],
              "events": []
            },
            {
              "disabled": false,
              "folded": false,
              "type": "BuiltinCommonInstructions::Standard",
              "conditions": [
                {
                  "type": {
                    "inverted": false,
                    "value": "SourisBouton"
                  },
                  "parameters": [
                    "",
                    "Left"
                  ],
                  "subInstructions": []
                },
                {
                  "type": {
                    "inverted": false,
                    "value": "BuiltinCommonInstructions::Once"
                  },
                  "parameters": [],
                  "subInstructions": []
                }
              ],
              "actions": [
                {
                  "type": {
                    "inverted": false,
                    "value": "Tween::AddObjectScaleTween"
                  },
                  "parameters": [
                    "button1",
                    "Tween",
                    "\"Press\"",
                    "0.95",
                    "0.95",
                    "\"easeOutQuad\"",
                    "50",
                    ""
                  ],
                  "subInstructions": []
                }
              ],
              "events": []
            },
            {
              "disabled": false,
              "folded": false,
              "type": "BuiltinCommonInstructions::Standard",
              "conditions": [
                {
                  "type": {
                    "inverted": false,
                    "value": "MouseButtonReleased"
                  },
                  "parameters": [
                    "",
                    "Left"
                  ],
                  "subInstructions": []
                },
                {
                  "type": {
                    "inverted": false,
                    "value": "BuiltinCommonInstructions::Once"
                  },
                  "parameters": [],
                  "subInstructions": []
                }
              ],
              "actions": [
                {
                  "type": {
                    "inverted": false,
                    "value": "Tween::AddObjectScaleTween"
                  },
                  "parameters": [
                    "button1",
                    "Tween",
                    "\"Hover\"",
                    "1.1",
                    "1.1",
                    "\"bouncePast\"",
                    "100",
                    ""
                  ],
                  "subInstructions": []
                },
                {
                  "type": {
                    "inverted": false,
                    "value": "TextObject::String"
                  },
                  "parameters": [
                    "Status",
                    "=",
                    "\"Button 1 Pressed\""
                  ],
                  "subInstructions": []
                }
              ],
              "events": []
            }
          ]
        },
        {
          "disabled": false,
          "folded": false,
          "type": "BuiltinCommonInstructions::Standard",
          "conditions": [
            {
              "type": {
                "inverted": true,
                "value": "SourisSurObjet"
              },
              "parameters": [
                "button1",
                "",
                "",
                ""
              ],
              "subInstructions": []
            },
            {
              "type": {
                "inverted": false,
                "value": "BuiltinCommonInstructions::Once"
              },
              "parameters": [],
              "subInstructions": []
            }
          ],
          "actions": [
            {
              "type": {
                "inverted": false,
                "value": "Tween::AddObjectScaleTween"
              },
              "parameters": [
                "button1",
                "Tween",
                "\"Default\"",
                "1",
                "1",
                "\"bouncePast\"",
                "100",
                ""
              ],
              "subInstructions": []
            }
          ],
          "events": []
        },
        {
          "disabled": false,
          "folded": false,
          "type": "BuiltinCommonInstructions::Standard",
          "conditions": [
            {
              "type": {
                "inverted": false,
                "value": "SourisSurObjet"
              },
              "parameters": [
                "button2",
                "",
                "",
                ""
              ],
              "subInstructions": []
            }
          ],
          "actions": [],
          "events": [
            {
              "disabled": false,
              "folded": false,
              "type": "BuiltinCommonInstructions::Standard",
              "conditions": [
                {
                  "type": {
                    "inverted": false,
                    "value": "BuiltinCommonInstructions::Once"
                  },
                  "parameters": [],
                  "subInstructions": []
                }
              ],
              "actions": [
                {
                  "type": {
                    "inverted": false,
                    "value": "Tween::AddObjectScaleTween"
                  },
                  "parameters": [
                    "button2",
                    "Tween",
                    "\"Hover\"",
                    "1.1",
                    "1.1",
                    "\"bouncePast\"",
                    "100",
                    ""
                  ],
                  "subInstructions": []
                }
              ],
              "events": []
            },
            {
              "disabled": false,
              "folded": false,
              "type": "BuiltinCommonInstructions::Standard",
              "conditions": [
                {
                  "type": {
                    "inverted": false,
                    "value": "SourisBouton"
                  },
                  "parameters": [
                    "",
                    "Left"
                  ],
                  "subInstructions": []
                },
                {
                  "type": {
                    "inverted": false,
                    "value": "BuiltinCommonInstructions::Once"
                  },
                  "parameters": [],
                  "subInstructions": []
                }
              ],
              "actions": [
                {
                  "type": {
                    "inverted": false,
                    "value": "Tween::AddObjectScaleTween"
                  },
                  "parameters": [
                    "button2",
                    "Tween",
                    "\"Press\"",
                    "0.95",
                    "0.95",
                    "\"easeOutQuad\"",
                    "50",
                    ""
                  ],
                  "subInstructions": []
                }
              ],
              "events": []
            },
            {
              "disabled": false,
              "folded": false,
              "type": "BuiltinCommonInstructions::Standard",
              "conditions": [
                {
                  "type": {
                    "inverted": false,
                    "value": "MouseButtonReleased"
                  },
                  "parameters": [
                    "",
                    "Left"
                  ],
                  "subInstructions": []
                },
                {
                  "type": {
                    "inverted": false,
                    "value": "BuiltinCommonInstructions::Once"
                  },
                  "parameters": [],
                  "subInstructions": []
                }
              ],
              "actions": [
                {
                  "type": {
                    "inverted": false,
                    "value": "Tween::AddObjectScaleTween"
                  },
                  "parameters": [
                    "button2",
                    "Tween",
                    "\"Hover\"",
                    "1.1",
                    "1.1",
                    "\"bouncePast\"",
                    "100",
                    ""
                  ],
                  "subInstructions": []
                },
                {
                  "type": {
                    "inverted": false,
                    "value": "TextObject::String"
                  },
                  "parameters": [
                    "Status",
                    "=",
                    "\"Button 2 Pressed\""
                  ],
                  "subInstructions": []
                }
              ],
              "events": []
            }
          ]
        },
        {
          "disabled": false,
          "folded": false,
          "type": "BuiltinCommonInstructions::Standard",
          "conditions": [
            {
              "type": {
                "inverted": true,
                "value": "SourisSurObjet"
              },
              "parameters": [
                "button2",
                "",
                "",
                ""
              ],
              "subInstructions": []
            },
            {
              "type": {
                "inverted": false,
                "value": "BuiltinCommonInstructions::Once"
              },
              "parameters": [],
              "subInstructions": []
            }
          ],
          "actions": [
            {
              "type": {
                "inverted": false,
                "value": "Tween::AddObjectScaleTween"
              },
              "parameters": [
                "button2",
                "Tween",
                "\"Default\"",
                "1",
                "1",
                "\"bouncePast\"",
                "100",
                ""
              ],
              "subInstructions": []
            }
          ],
          "events": []
        },
        {
          "disabled": false,
          "folded": false,
          "type": "BuiltinCommonInstructions::Standard",
          "conditions": [
            {
              "type": {
                "inverted": false,
                "value": "SourisSurObjet"
              },
              "parameters": [
                "button3",
                "",
                "",
                ""
              ],
              "subInstructions": []
            }
          ],
          "actions": [],
          "events": [
            {
              "disabled": false,
              "folded": false,
              "type": "BuiltinCommonInstructions::Standard",
              "conditions": [
                {
                  "type": {
                    "inverted": false,
                    "value": "BuiltinCommonInstructions::Once"
                  },
                  "parameters": [],
                  "subInstructions": []
                }
              ],
              "actions": [
                {
                  "type": {
                    "inverted": false,
                    "value": "Tween::AddObjectScaleTween"
                  },
                  "parameters": [
                    "button3",
                    "Tween",
                    "\"Hover\"",
                    "1.1",
                    "1.1",
                    "\"bouncePast\"",
                    "100",
                    ""
                  ],
                  "subInstructions": []
                }
              ],
              "events": []
            },
            {
              "disabled": false,
              "folded": false,
              "type": "BuiltinCommonInstructions::Standard",
              "conditions": [
                {
                  "type": {
                    "inverted": false,
                    "value": "SourisBouton"
                  },
                  "parameters": [
                    "",
                    "Left"
                  ],
                  "subInstructions": []
                },
                {
                  "type": {
                    "inverted": false,
                    "value": "BuiltinCommonInstructions::Once"
                  },
                  "parameters": [],
                  "subInstructions": []
                }
              ],
              "actions": [
                {
                  "type": {
                    "inverted": false,
                    "value": "Tween::AddObjectScaleTween"
                  },
                  "parameters": [
                    "button3",
                    "Tween",
                    "\"Press\"",
                    "0.95",
                    "0.95",
                    "\"easeOutQuad\"",
                    "50",
                    ""
                  ],
                  "subInstructions": []
                }
              ],
              "events": []
            },
            {
              "disabled": false,
              "folded": false,
              "type": "BuiltinCommonInstructions::Standard",
              "conditions": [
                {
                  "type": {
                    "inverted": false,
                    "value": "MouseButtonReleased"
                  },
                  "parameters": [
                    "",
                    "Left"
                  ],
                  "subInstructions": []
                },
                {
                  "type": {
                    "inverted": false,
                    "value": "BuiltinCommonInstructions::Once"
                  },
                  "parameters": [],
                  "subInstructions": []
                }
              ],
              "actions": [
                {
                  "type": {
                    "inverted": false,
                    "value": "Tween::AddObjectScaleTween"
                  },
                  "parameters": [
                    "button3",
                    "Tween",
                    "\"Hover\"",
                    "1.1",
                    "1.1",
                    "\"bouncePast\"",
                    "100",
                    ""
                  ],
                  "subInstructions": []
                },
                {
                  "type": {
                    "inverted": false,
                    "value": "TextObject::String"
                  },
                  "parameters": [
                    "Status",
                    "=",
                    "\"Button 3 Pressed\""
                  ],
                  "subInstructions": []
                }
              ],
              "events": []
            }
          ]
        },
        {
          "disabled": false,
          "folded": false,
          "type": "BuiltinCommonInstructions::Standard",
          "conditions": [
            {
              "type": {
                "inverted": true,
                "value": "SourisSurObjet"
              },
              "parameters": [
                "button3",
                "",
                "",
                ""
              ],
              "subInstructions": []
            },
            {
              "type": {
                "inverted": false,
                "value": "BuiltinCommonInstructions::Once"
              },
              "parameters": [],
              "subInstructions": []
            }
          ],
          "actions": [
            {
              "type": {
                "inverted": false,
                "value": "Tween::AddObjectScaleTween"
              },
              "parameters": [
                "button3",
                "Tween",
                "\"Default\"",
                "1",
                "1",
                "\"bouncePast\"",
                "100",
                ""
              ],
              "subInstructions": []
            }
          ],
          "events": []
        },
        {
          "disabled": false,
          "folded": false,
          "type": "BuiltinCommonInstructions::Standard",
          "conditions": [],
          "actions": [],
          "events": []
        }
      ],
      "layers": [
        {
          "ambientLightColorB": 0,
          "ambientLightColorG": 0,
          "ambientLightColorR": 0,
          "followBaseLayerCamera": false,
          "isLightingLayer": false,
          "name": "",
          "visibility": true,
          "cameras": [
            {
              "defaultSize": true,
              "defaultViewport": true,
              "height": 0,
              "viewportBottom": 1,
              "viewportLeft": 0,
              "viewportRight": 1,
              "viewportTop": 0,
              "width": 0
            }
          ],
          "effects": []
        }
      ],
      "behaviorsSharedData": [
        {
          "name": "Tween",
          "type": "Tween::TweenBehavior"
        }
      ]
    }
  ],
  "externalEvents": [],
  "eventsFunctionsExtensions": [],
  "externalLayouts": [],
  "externalSourceFiles": []
}